1.6304374995725106,-0.25963544099834057
-0.10817531839281604,0.9590240998525041
1.016542165473687,-0.470707675168197
0.5545309190628909,-0.451598662545753
0.6477176211991957,0.8259605971163108
-0.9799605900665331,0.15200328764801216
1.9225179368878882,0.0800897691718449
0.012491246356938178,0.956674248706198
0.063918598059273,0.1839977292690347
1.75651647744507,-0.24723893145974526
0.14971539743144557,-0.08972705893285586
0.5847799909587788,0.8333233962345106
1.8607212116083016,-0.0021536916401335288
0.532101967793608,0.8075273500028322
0.61324495321329,-0.4030186940055771
-1.001267757579879,0.35344671884998213
0.15304977738587558,0.014265588641089233
-0.8804958859662773,0.5664507988525246
-1.0259093498277079,0.09505497663064524
1.0159686259091867,0.18969037290209267
0.43738441175107456,-0.4322362474586913
0.8756471083419503,0.6436325344645722
0.10238426185960009,0.2613332264080086
-0.055946956426108876,0.22234213270995182
0.3651469844937353,-0.27038827984956415
0.18798994158538931,0.9636682812892201
0.06131355334095054,0.35445927706438113
0.6104453314489917,-0.48751726708897175
1.5875173660202666,-0.2402613200671436
0.7209980173968943,0.6730868283749141
-0.8686423391990963,0.33677811390825857
0.2874514853857688,0.9346782110301719
-1.0717747726234137,0.10594332776889115
-0.00014558045003198322,0.27774072898018815
1.9156542846603595,0.1427889391385665
0.7489575841282923,0.593123358194764
-0.12685352457877466,1.0558106622977288
-1.0083763289385623,0.4987091916173319
-0.7932376122645753,0.6678137147492209
0.09908224506312219,1.0601645891628233
0.07208745963940265,0.9538276310529143
-1.0548168653660142,-0.09446011366433306
-0.09082744258286081,1.01333510973047
0.248726007214835,0.9901402906055234
0.8817634362456471,-0.4949276212598455
-0.7507621877083562,0.6722668810234135
1.523950542327756,-0.42045216436390387
1.9394760574454575,0.2223249568268783
0.13453410772267047,1.0263067293961796
0.58808083340588,-0.47304660871386484
0.9566526700302702,0.2783871668400381
0.7875457110499191,0.7151288653667289
0.024082827035850986,0.33360843268260154
1.485831276457888,-0.3763787333320169
0.030901776320676727,-0.07741797709626247
0.059246203432660044,0.14445392937821386
0.4988149982145378,-0.4163730130338864
0.7707468467979346,-0.49964724976082575
0.22957273699860203,-0.1003932794217633
0.1380345323334791,0.04795249100019244
1.3979600319937502,-0.3463010366085407
-0.10129859545447209,0.5407926709409592
0.15320707712713066,1.1043288395989705
1.6033546997717394,-0.34599844089946585
-0.009691555104485845,1.028419674930346
-0.21900365915149275,0.9311685121054816
0.0644988589570207,0.32746302933992183
0.42521077137739305,-0.2866762151887247
0.4004895032961296,-0.259368479231902
-0.11551493661019048,0.9675134040541704
-0.895195393643898,0.5531270035790626
0.6157203042879047,-0.4098419897398883
0.8324840387654939,0.6174731266016935
-0.8007576066482989,0.7232391288431219
-0.33842186517630046,1.060261283127284
0.3343221725615699,0.9502503190333166
-0.8795250511887962,0.4590485285185037
-0.6963556259246572,0.6952039381174295
1.31773182758451,-0.4829521897584219
0.2506606299773196,0.9951283072341085
0.6241914912408475,0.7316546416617229
-0.9037233539540303,0.4838419083590313
1.0990477715802878,-0.4934318371212359
0.4691710226980359,-0.3752930615946383
0.18434584593467612,-0.12152172005177586
1.944505492102556,0.25311164302743316
-0.12949710349583374,0.9622640313839285
-0.36081503681801047,0.8921324394929874
0.02132996018452247,0.13681892688352923
0.4413384221502143,-0.365857368855053
-0.08291096114365806,1.0331604563945942
0.7228368069837195,-0.4921472654657946
0.574983537311088,-0.45478309861882965
0.2673858295809306,0.9455535259337213
-0.9400022868649929,0.45505082110964323
-0.9487582699570659,0.04437674654316345
-0.33501339117149126,1.0207554216584085
-0.7058392684327784,0.7144418637438424
2.062401726721613,0.0766159922638165
1.517398021413354,-0.38776244295028006
0.2292300951694962,1.0057401599933238
0.7921987112950158,0.649896400806187
-0.9191804919114769,0.5057773705188664
-0.12500521681516913,1.017997214357995
-0.9575053902586076,0.22372585471410023
1.6511447897141502,-0.2340150658370545
1.7429725477133098,-0.1203867010509071
2.0255794517421046,0.5812181031292775
1.6362088199223637,-0.36521210070930027
0.2786585592661849,-0.29557475970766534
1.4617348298008412,-0.40247755501822147
1.8769615628256315,0.07355215769947104
1.8651530390961988,0.18116458876169172
0.6129248616674395,0.7548845645663614
0.14042360640761492,-0.1760435348452597
0.719280206925409,-0.4405304173199913
0.847380416012482,0.4629328068761076
1.3553880966042773,-0.415833833046409
0.10591933324873484,0.18581854089335142
1.0340112633569751,-0.4978386772860143
0.6795616056588039,-0.42858962446560456
-0.13390291919202582,1.017399213235626
-0.3897766997078723,0.9260707503258179
1.6937172045411029,-0.23289474370146682
0.7815334907477618,-0.49078124477683643
0.08624738265932409,0.25528760759771496
-0.6238516811228996,0.8761481625564095
0.026704924602572597,0.19913700490460082
1.0708322849490768,-0.5585448571721328
-0.5183243589219121,0.9521695134381394
0.3946547174559915,-0.30830826095455205
-1.0288473990242186,0.31974891322812493
0.03192322828615775,0.36678040743585016
0.10809561338295068,0.1663095544887883
0.07176253764899014,1.0430842269733436
-1.0317680541471645,0.32177617070010706
2.0630054897312493,0.3473006924317751
-0.9519656936520386,0.10444027579346676
-0.8558929247512905,0.5482601751777925
-0.8167915323189483,0.5831462568966743
0.5826727171830948,0.7673023471855293
0.9557653227012631,0.5570811497125896
1.5892153204297381,-0.38784632936329155
1.9405702943667629,-0.0005486626185889909
1.6989845698426795,-0.20607273040180396
0.10372048161741144,0.22402380727262983
0.9665673463447814,-0.4548023139781809
1.6390098880358868,-0.3120658751285463
0.10591479959468322,-0.06691307656480498
-0.025933046436040125,0.573966668877321
0.9712813347485851,0.6636311631073061
-0.5894142844870577,0.7876853628157978
-0.17896486880404364,0.9686540247114764
-0.7938390881621014,0.6221729753242615
1.3402783280866464,-0.5233123983342652
0.14193465618337742,0.9679910071185713
1.8168357304521023,-0.023895449389491924
0.13669953359924036,1.115050136621447
0.18213924997748773,-0.07294913978477588
1.4804907970797463,-0.45969685487866985
-0.5941638812083019,0.911337448877253
0.9567246555814894,0.014850060381255678
0.9588921847716823,-0.0042675580971681115
-1.0131350959057324,0.12349600134752178
0.0707213673457395,0.03449330774770934
0.9882503984556813,0.4224975987548475
0.16284912972929244,0.9330581651835744
1.0106833106687079,-0.5165179619261223
-0.8335033970717695,0.363940496693439
0.4392089046951845,0.7483416735110212
1.6930110987637454,-0.26594213770935876
-0.9472234904933879,0.039797946037658405
1.0818037264794698,0.06366523333266916
1.952327096485213,0.4065905202071417
0.7224261089799789,0.684041197044949
0.12820542145049443,1.0009674170490577
0.4837964541498807,0.8230867324098088
0.43205221129381005,0.9465587819320028
0.07945628372370975,0.0752607917122427
0.2307528711397082,-0.02395209520936825
0.12463945292357366,0.165289643689564
-0.6903182875970687,0.7379082479486704
-0.9962802890269559,0.4516222362417112
0.9616600463912932,0.3069399612655612
0.12387016832500575,0.9137278669854259
0.45984993955022185,-0.32150563699378293
0.8165911695852597,-0.4804407575181682
0.6131564619925597,-0.4553761943978114
0.6609807368887257,0.7694526599440562
-0.4081494975273719,0.8308804924330973
-0.7806618456813917,0.580343120389821
0.6389784610960088,-0.34025478334930137
0.3623626238963116,-0.27024331895799497
-0.748592771110521,0.5331913013475487
0.5412038743005001,-0.39367340100303505
0.2972310704236641,-0.166626251358866
0.5622712055936343,0.8892877809669725
0.7494898809974283,-0.5286513173531154
-0.12366688213703977,1.014867338307696
0.6365426138996052,-0.4278916331122215
0.20000930017267154,-0.09679571139024895
1.6129454821046012,-0.22159104514001235
1.006824389917404,0.08802197944062946
0.04765581176961241,1.0042205427023814
1.5591342790670826,-0.3349221447024545
0.4426085399153043,0.8608095370875694
1.1440384838753797,-0.5011000508339304
0.38657056912952326,0.9740127275207053
1.3935183427544504,-0.38198489595702556
-0.976181412440794,0.41258092743212216
1.2019665340674195,-0.44375882634152053
-0.9421962993068559,0.09478618163833732
-1.0283567596493677,0.2020712092414221
0.6262212386618309,0.9032809228715069
1.235934717814063,-0.4795504274988007
0.6581369127533687,0.8169343726442662
1.540391950444393,-0.30463670713734514
0.41513692427907417,0.8811723974097329
-0.3873272463284312,0.892904903877978
-0.042882575990583434,0.9471135572898665
0.03974549287282952,0.4146902431555549
1.3075079630725923,-0.4859595543780928
-0.46095522854248266,0.9615810406198506
1.2273883395604983,-0.42449276858920637
0.34289360841853705,-0.19832866614683334
-0.8477652249094096,0.5359119162984268
-0.06993483994003263,0.4425094997490007
1.833266958577774,-0.07104804152459748
1.2732883335845413,-0.4972582782372547
1.1377680985572876,-0.45771100849869484
1.7300471489628186,-0.1105967959314251
-0.8670295994088937,0.3888181688621388
0.10266159908759889,-0.0564972502432286
0.5088709261500408,0.9174790680412921
0.92558715752346,0.34228180178036866
1.412327763122632,-0.46445285679845005
0.2792074159921032,0.9622893189320303
0.28986348982965227,0.9776978230017453
0.871608169926404,0.5948866357175151
1.8961126378283852,0.5272890290366237
-0.9526722409038347,0.08854116286243235
2.000941077216337,0.3535555532137574
1.872825241721478,0.2119612061783504
-0.6588092902350823,0.766260684138449
-0.19678263733078696,0.9167868704212477
0.07428059774748076,0.9541950327582613
-0.8523526257339602,0.593655460988041
-0.5162632748924444,0.8952624643560152
1.1098139045468038,-0.48055757463095244
-0.24150994799449838,1.0270096067307743
0.6164795677399124,-0.4601275290964291
0.3220840846272697,-0.24066768825851098
1.0392043883821653,0.07790295320942928
-0.2843441562773717,1.0234406710903323
0.7523850901562575,-0.5076042164571449
0.00025716223696002453,1.070487946800307
2.0306386693532232,0.538080118233035
0.23069301217095553,0.9751897998147244
-0.6931604634898153,0.8494098133983187
0.06424842974402187,0.3430244512863669
0.6142073574460668,-0.4247771508290311
0.31844144238593997,-0.18915233170067913
1.6198633157509794,-0.2721542690244252
-0.7437524777754758,0.6295958871800961
2.006072631969616,0.2955535102280164
0.6754847896338062,0.7435312462793736
0.030765252314274422,0.2888761425997463
1.0480233268006323,0.1663309640311793
0.5354440743514468,0.8227833923282337
1.975924161438881,0.3650564010984435
1.531391131651239,-0.3156975430143052
-0.9836566433051134,0.17044278331133625
1.0343055874392668,0.4359994699633857
0.16818789901419823,-0.003887978132014684
0.5911104819174992,0.8761066087777276
0.20027727622772926,-0.06147181400342981
0.5200194519895266,-0.45235424426674375
0.33842891869202163,-0.1967274013117128
-0.03850644078824786,0.3771885419166764
1.8782935221565107,0.04733124083267498
-0.7018444250364319,0.7041863516467785
0.449493967893513,-0.32074651771517476
-1.0903080141698311,0.07239773990241821
0.20231885171911657,-0.051339375392200494
2.035806383968612,0.46880024079033433
-0.885424357825083,0.4608859912409078
-0.017853458012119242,0.9911626510835227
0.9552425177631247,0.18267366624471743
-0.06357359724035352,0.22614054990850085
1.346354862390649,-0.4797141513306542
0.9911194986453199,0.23494638680165533
1.1008871857166365,-0.49407388138586217
-0.35774088935749837,0.8517508378936078
0.4953668904383672,-0.3816087074168096
-0.9470495722236423,0.3980362541966035
-0.9115000640462205,0.24401323267296982
0.006711448678879569,0.539247053439311
-1.013387381918201,0.19756171174294315
0.9721634925825123,0.3157965817424844
0.9699202524929655,0.42555813162490336
-0.4347701323271385,0.9280087396247592
0.9071459675540599,-0.5919324248696732
1.9742545080298968,0.24779049149958632
1.9445091426163887,0.3097016730811392
0.6838973309061698,0.706102345637214
1.1825116100494082,-0.48260364856397003
-0.9716647886701483,0.08138005795897016
0.31883334661490415,0.9446916606215147
-0.8770950959846939,0.35683844269670667
1.952966685320773,0.08050745804138014
-0.9449334219740619,0.221242039894053
1.6763591889091298,-0.12146052143419632
0.6766306616067889,0.6523640122358669
0.2568365940660099,0.0037783948980570914
0.8865177935561389,0.3825054273510172
0.8798520197802776,0.3453261703824614
0.8833875422587615,0.43530021814411535
0.7700809271800964,0.5117310753062935
0.8818705298217326,-0.5474187363698911
-0.5004231916156582,0.9091918127478719
-0.43771090409787144,0.8857509477378005
-0.08141252646309688,1.0158086943052917
0.15845651697610524,0.9789022332201865
-0.915191139291548,0.2757778816936412
0.703731391125965,-0.49336731424760066
0.7638763842497758,0.6805509747548608
0.8648084609314264,-0.5563096482269306
0.5134152359579128,-0.3841957064020237
0.5607723250783317,0.7970499763791553
0.13689490170874677,0.1596106065649261
0.5364429085001581,0.8222217563867029
0.29150962500305727,0.9700369801571695
2.0628661854656953,0.5050306996618584
0.06330136249767933,0.9476916349990908
1.126862310426927,-0.5097069134159253
0.4976941706473534,0.8662227941559506
1.6137936073681647,-0.32439731755601897
0.4235914169243623,-0.31207656964825725
1.3689439281343518,-0.3825947717751435
1.2059063345783323,-0.4675165690937488
0.029298177827375448,1.0068168781766471
0.5916678047331053,0.8622212619764731
0.9724870019749202,0.2965347088790543
0.9268011282883153,0.3952034676594826
1.3433845433762683,-0.49956604357150813
1.7660840218303357,-0.06302335621007514
-0.9947414995739641,0.1493096724315846
1.9010697120667768,0.13252947425419448
0.42542732033152186,0.8829008662132646
-1.0007266193316267,0.1242940341106105
0.9702551900297345,0.26401424034684406
1.2906290008463877,-0.36984113559730836
-0.16257569665228183,1.0568349134067496
-0.9178975835340436,0.3372689213049332
0.9093911322698325,0.32304527093161806
0.7614936958778032,0.6769989160810325
1.5883827992314028,-0.3758340756261865
1.5051762690103057,-0.3463166021219788
0.7124532897932474,-0.5097414571368798
-0.6168711844867553,0.8938649124464995
0.9424306455006671,0.22041106981584807
0.9539774984180814,0.35733018888563983
-0.5593227899733011,0.8203277784026983
0.3275370055981002,0.9983451994446157
0.8920674802133488,0.5344119929575752
-0.5880576743281551,0.8433116644078057
1.5510868977125425,-0.4132826748652494
1.3014542037375203,-0.46399902239273694
1.8939835412834127,-0.0010232245063160825
-0.021355628306970645,0.22602648949543508
0.8011547417494755,-0.4288580227268352
-0.438786882710447,0.8737145267536075
0.7739706946607939,-0.5934029127414776
-0.9890800588264137,0.06149846097888159
1.9446030298093158,0.07705974500300938
0.2766517442383863,-0.1831736468390377
1.1775642951054188,-0.47565571950901514
-0.036841853859330115,0.4031060285435325
-0.8667918667016923,0.5251724040842014
1.9497153599221468,0.1643640187366677
0.3933414564591736,0.8923769386678977
1.8180676310301107,-0.029228288029336608
1.0628429618027648,-0.5809067280669021
-0.4386393555859043,0.8049990620507119
0.8330499241597251,0.5939557523183091
1.8112308701124686,-0.03002396969331745
-0.07438564707953645,0.36320758985777113
0.9126467605658661,0.45482043748238526
1.761782458203249,-0.1288626331141443
0.11229185657958399,1.035039886474933
-0.4900197609038647,1.0457958892154555
-0.9969041246568165,0.34756707766921024
-0.9573186914692491,0.39074924960483004
0.647332281499866,-0.4487850617337892
1.8122698406271363,-0.09219502454210823
-0.9346975482296149,0.2117473202661061
0.7322838872352401,0.7486644588057938
0.5848280239793414,0.7690616885767312
0.4067382918886888,-0.3342738609601717
0.15389789652607416,1.0026108824531663
0.8226347722593559,0.44599639152374804
1.551486745835453,-0.24283652922854515
0.20172294741255573,0.9316075505367256
0.891529292958969,-0.5584395396736133
1.8882479881307344,0.15207412746277085
0.7893398920095931,0.5691848895120404
1.3811931979822731,-0.43213694977031997
0.16019161549268485,1.0433655513751479
0.6059468135491674,-0.44106535909185984
0.2874590121693286,-0.10656660011215532
0.06497242439306794,1.0833582860196103
1.6043561523833554,-0.24006783588355488
-0.49577646367085826,0.8429566559042913
-0.0715021401953864,0.968485520314642
0.8375724373649964,0.44598096368825535
0.9535543079090222,-0.6189332831726794
-0.547814395355302,0.8367667926953992
0.4799754846912853,-0.3590990285810926
1.8456612983780245,0.16304479904398989
-0.9251678982054268,0.19107252928420387
1.7849704489500335,-0.011014231833939353
-0.9458261780648133,0.05408555461778229
0.9955413505607735,0.32678799219910726
-1.014060410504784,0.15845499534767432
1.7299465057987573,-0.20144456621296963
0.2905598942811566,-0.3391261004276613
1.7156502957552278,-0.3327261797712819
0.2084338233839049,-0.14420829596500462
0.9337315263287905,-0.5311017059332538
0.9672722790211308,0.027342869965688462
0.8043284309856555,0.6892272443698382
1.6892219326446256,-0.17360897781497237
-1.0945832358661667,0.05757679450399475
0.3478706362357721,-0.2754404542949949
1.9555508859861588,0.18814689486388897
-0.7868599238892592,0.5523660079923175
0.9288208052761282,0.384550484187627
0.8276956070583674,0.6015568857856353
0.8523004311877022,0.5814120811451119
0.8692782779792357,0.4882562920399532
1.6860345996115818,-0.06923864773648458
-0.2774278519321724,0.8816764523870038
-0.9704356749999014,0.007561678226408186
-0.005612445304766553,0.25325415593381595
-0.7560035612027569,0.6750151553975879
1.4756290739004145,-0.40255124763521677
2.0731839403904764,0.48092532856098924
0.9583235777497064,0.15371273326961177
1.489115233696568,-0.332327004297107
0.08195222195243566,0.10940326206315262
-0.923027951963253,0.46612528138496007
0.7726927720784678,-0.4970676510674162
1.8048552793457775,-0.04061140446503382
0.7438473993196877,-0.4856932100641381
1.9628230943195133,0.01207138748851236
0.5357963692389858,0.9448899632687633
0.1556793420289694,1.0331432702173406
-0.7031778557535582,0.6482309080725809
1.0100019996297016,-0.46626112694605365
1.6390114668703302,-0.16706014700174085
0.9368357703820125,0.3053590013641261
0.8232514279438439,0.5478063331570049
-0.3312693958971869,0.9422822439488308
0.3734667206078567,-0.2652778794739325
0.5933074652002391,0.7722692647210841
0.9477885801887791,0.27758683075562074
0.12775602030647448,0.9421359242290853
1.7409114042527445,-0.28722679291911146
-0.7269140600076949,0.6518655490341121
0.9934667619387342,-0.46673619005624767
0.07255191509376668,0.23362307439237143
0.8933937329556061,-0.48039355791301064
1.9165054655474163,0.31965429863918693
-0.9271632669513884,0.09219859962081375
0.029298290824427572,0.3881937905327219
0.17507292832051544,0.09020016231889985
0.8992899375297645,0.49984612158128977
0.2726992788439406,-0.11134680857923182
0.07080753586385485,-0.10694237318295151
1.359805061566358,-0.43898105591952163
0.13629348720558085,0.044755491304254706
1.755968031539277,-0.2734945756789948
0.3763701617761246,0.8975701264105895
0.45299707690931956,0.9465573018230136
1.1292761205396038,0.019585870309848277
1.4804030809624495,-0.39659823919261505
0.7193701245889417,-0.43879610212865516
1.4674252479972045,-0.45824665992304325
0.385127473398089,-0.2462370384003368
0.7970891655236061,0.6292961972790161
-0.43680216094175833,0.8994906336737524
1.6232735111212504,-0.288724508516361
-0.9268067935050303,0.5458461053773779
-0.5158070637646829,0.7991592504690059
0.06277335920341416,0.23229991999193358
1.2511583552263492,-0.4643609222919718
2.0570597095056806,0.2887620884898441
1.7134413017812153,-0.23191703686173257
-0.7697698481161885,0.5775013747786374
-0.6566103037353078,0.7319245668065275
1.0445999909340262,0.051188379070820994
-0.6214167377423409,0.7278169120399378
-0.916922048494352,0.3621318570356798
0.4964796337583005,0.8600350220873145
0.7072391402779075,-0.45915664887172236
0.6136790734101832,0.7949165621290946
1.8637134183212507,0.32426923286898174
-0.39628348344036224,0.8567606331610198
-0.9353585061568117,0.2612805666450379
0.01718370487608762,1.0156502823605913
0.196705222430453,-0.19691774491452654
-0.8214281943397777,0.7223777204160644
-0.2646977594383714,0.9814427557326895
0.8537936136638206,0.4025100348055732
0.6395310443260145,-0.41899705049973385
-0.7335043017205596,0.7365494541080595
0.3036812178698567,-0.13003892570121744
1.7700474463532623,-0.030203262947650494
-0.6977234998228588,0.6800781713078288
1.0282198418349229,0.11814517562882869
-0.04960388697358534,0.4641284754102228
1.2076120796723315,-0.5122525033170494
-0.037959287937622384,0.42336688671028183
-0.8530315529787428,0.424603351646553
1.408135197817926,-0.33886708328754467
-0.01615101857030247,0.47887116791721135
0.5717568106366976,-0.4243843304980076
0.5300019400800179,-0.3971380582878376
-0.17210389386717675,0.9152987806123724
-0.8755083172993439,0.5081676466036492
0.1635437979741787,0.051130629872890854
0.295036499317787,0.8943542932233534
0.3019939877808852,0.8840706542020416
0.4432038883164364,-0.3198242240886224
1.0083252274375525,-0.547247625182644
1.6861699588065178,-0.15757598535041856
0.122244550943896,-0.11103166025534945
0.27747856884742395,-0.13954937508451454
0.11787260212776252,0.041963327075218104
0.43773593262287475,0.8860070636013478
-0.015058435873833709,1.0264706288313463
0.21041625519971988,1.0159293229024897
-0.28408417373631617,0.8872057145077763
1.0569686147127788,0.1781172344975313
-0.7042365775628873,0.7580798443124501
0.7683281039552375,0.6656412161798316
0.005869346694435046,0.5146752127576087
1.6335952694627947,-0.18183298752011123
0.33970581413752565,0.966965026504768
0.786154576353224,0.46579127835576706
0.0831934551909746,0.2479504970233701
-0.09678347174019505,0.9798612092131805
-0.3204338607557965,0.9136139838886969
0.43715440322813204,-0.38135636241005577
-0.2777698235159095,0.8847768893142647
0.9087930497724018,-0.48073904864782435
1.975813918356532,0.21633103928934397
0.6263170727475968,-0.4934321823125313
0.9185384041711713,0.31356368377013644
-0.3991277704849878,0.8788418291300955
0.19655669172925327,-0.06669440628982612
2.10572247323367,0.1880727011160002
0.1086314431300157,0.2733616311707975
0.10608847100523414,0.0809807520669501
0.2514993672961038,1.0353069242870216
1.508738007880443,-0.34026006976546985
0.48312535849658994,-0.3870717740273479
0.4319568753010393,0.8177833210373923
0.7098384840048483,0.6062306294354771
1.1563001750017587,-0.4833377502957827
2.062076084344151,0.2529499878020022
0.02224051507547986,0.9824475216093088
-0.6066694712275205,0.7569181483442637
0.8867339051728844,0.30358756508792634
0.9832101654402713,-0.5185368847310925
2.0725239642177167,0.454672439405398
0.3380540562697717,0.9753319632136448
1.8721198070409444,0.00328399692982587
0.05734476967329212,0.40041704310853976
-0.0010055038298437818,0.1720603063373732
-0.2497547198934526,0.9992341007269522
-0.788524587704758,0.5824547267376321
1.7805117817992624,-0.2160396311331419
-0.37605466431915413,0.8610234325558364
1.9761327578041559,0.16744476235312972
0.7188740176289254,0.808944826200256
0.8500891262247134,0.6146252105141387
-0.6477450493353967,0.720552530614388
0.9063735964980073,-0.495187079205057
0.9169775733704297,0.4207799689195261
1.4017075539472184,-0.414334421317307
0.195585829827489,-0.18459284780422727
0.6866190099073364,0.6923959306635028
0.8782373674828099,0.701651968318112
0.500561773452819,0.9561140630973293
-0.904781530526628,0.12849230925552171
1.950216349471713,0.035873765657229134
1.5413908199641428,-0.21854913012730487
-0.8470855651064291,0.34741528053453496
0.9606053429844195,0.00445409175146505
-0.048172486053917704,0.9319651819068379
-0.915231770674068,0.40686531129586767
0.987058192210278,0.002812337731140781
-0.8939124918894473,0.4560080908786804
-0.8064117353491833,0.6341961975372781
1.0206962388675185,0.08705925068757156
0.3058621821691183,-0.11828577471097537
0.4809882149320527,0.901007777366626
1.0525739648310215,-0.4433081138208428
0.7711863980587246,0.7160550015132493
-0.057596112656070925,0.30458290498950824
1.0335235749546117,0.1728072042021069
1.97004061186113,0.20113104323318318
1.841662886248017,-0.011222928701774243
0.8662356391916665,0.3545418678835408
2.05412586040425,0.47652510172214985
0.8727762731332995,0.5067092592020468
1.038334097537118,-0.5664252420982073
0.08582386038606094,0.9684205106386281
0.9855420089089942,0.1398820720535643
1.7827453275902039,-0.23465793769726634
1.3274519331325505,-0.462664736121322
0.4483880256233467,-0.27591059873177415
1.5109779655933162,-0.37415309688491305
0.9008807180580305,0.24540270471780856
-0.5698266800061008,0.8618163377843047
0.04854431798145045,-0.08217808593896009
-0.9911425497263402,0.04636972288289028
0.08701763394404684,0.20429605371266066
1.9791834949342897,0.19195869041515706
-0.5897004654118455,0.5545293816926005
-0.3532403890487163,0.9718989249334049
-0.8790957036798296,0.3037029275641239
2.0543144348320395,0.5670803503554964
-1.0086635249545517,0.46246774417840336
-0.6380885286745355,0.8453333852744673
2.0187239577088816,0.4692123405566012
-0.8864976101846023,0.6219587218923593
-0.6389131081901213,0.8235918464137522
0.8040556672119642,0.5469527262076325
0.16360890462553151,-0.1076775909176961
1.742914677578956,-0.19821594639020432
1.024325297826953,-0.49404606492470937
-0.9742082045745327,0.4077066850295154
1.7247046360823575,-0.028761082047269723
-0.6959054867547714,0.6322414955518609
1.0089416153624877,0.2519426970821612
-0.8073475699449726,0.6362819969645295
-0.7217734701978024,0.6520030617536634
0.7936701317898954,0.6130721703025193
0.8906585851714119,0.43294693337064644
1.736151996317628,-0.12555515286145516
-0.647182570148718,0.7182295569661157
1.9456635617453806,0.29915497686752474
0.24932526083849316,0.9533213028664426
1.49228757832287,-0.37130113450869234
-0.01452510658704392,0.3432988759737526
0.09194043716431541,0.3690437510975462
0.3063004587565331,-0.31439941972922136
0.6500290243379283,0.8100459502138759
-0.04514969871724428,0.11016600019552941
-0.3529471809968318,0.968103345132663
1.7775496068661878,0.027262362988103837
0.7855507059381831,-0.4791477555945767
-0.6629184953222611,0.792846427529348
-0.6096721709636459,0.8250705357206721
0.9340591901046292,0.3670909053662315
-0.33239984476444606,0.9640992434130835
0.9285572880796129,-0.44983022960848035
0.5292317454410259,0.7437907494023959
0.12755628228493832,-0.1470613226380803
1.6110496583905833,-0.23682566656672194
0.6580488725470633,0.8602306857856835
0.181499145038284,-0.034322660787431486
-0.08142566768642488,1.0324848078124103
-0.012071830814507717,-0.00972753781021557
0.9852362652009602,0.08486166990593894
1.3801289925615883,-0.42727979261853344
0.44526673183891874,-0.3452877709697614
0.08799079366644959,0.1772442269165705
1.9027374568160347,0.15267342156062763
-0.3979069890567828,0.9883551992938778
0.22620043069090556,0.9726547487816614
2.0082973105385746,0.3160428460315774
2.0085373366833443,0.11087903936179383
-0.8675081057972541,0.5366993437442164
1.6860409228416935,-0.3033965142788653
0.7147536075936844,-0.561101117672363
0.9778021146994973,0.26249067218079997
0.9165523910009842,-0.431348921693397
-0.5811786824177176,0.8499776568415641
-0.6354105761372119,0.7783292775823007
0.7269275834842795,-0.4184924512410017
2.001195749548581,0.04934603553359836
1.0039537102482337,0.2648389992573371
-0.9977197367534508,0.1962956009806486
0.06960222798677698,0.13065764162070992
-0.42915238135119166,0.9561740298783478
-0.4451858269737278,0.8496137929507581
1.2989781459041334,-0.5111656794160198
-0.986111563651763,0.40961446763414855
-0.4196716318108361,0.9247016305892838
0.830879131016081,0.6568953173981342
0.6745616588009385,-0.5391220009336627
0.17652520659316973,-0.07502882412868317
0.8643155907767279,-0.5091841967397692
0.9692855461925617,0.14986821743095383
1.9226108780480522,0.21811657981259142
1.5586499837181642,-0.2838352425837843
-0.9941067223382682,0.10458678083205197
0.3864163393234727,-0.2966443150688064
1.678134951270848,-0.19457927297416602
0.28176402436801473,-0.18191574378720202
-0.4613959439389584,0.8881554957509508
-0.4070706881825433,0.8976953793092555
1.362370176089543,-0.41159909846238785
-0.02632066555401826,0.9128839509259803
1.9749092089753086,0.40166715212436627
2.0600125151204205,0.5136949415888736
0.7565494315572711,0.6201574145613036
0.9084850952058473,0.4096276814538095
1.4808648852457398,-0.3716438563466705
1.0188114719158996,0.20482333673257763
1.8650903514279438,-0.042210787221059365
2.027261483853327,0.4390340050681092
0.8318733469361288,0.6437261686209368
0.4631767824939589,0.8930351683628891
0.6584255356400922,-0.43980350003521823
0.16633553274394014,-0.11695556447038574
0.9545694941771934,0.42409329476717705
-0.22912672304001444,0.9839101154174581
0.010168238001484864,0.2210870785139873
0.23347289418666092,0.9563737599151702
1.3675822883807025,-0.3241639195462256
1.854005620289392,0.04623404323802455
0.6274751344997037,-0.5572013383998617
-0.712210888924257,0.8340063711859893
0.5106682102920131,-0.4792823868482014
2.0152735915336333,0.4468419759003055
1.0034012443809897,0.5166618698176317
1.7092983447436887,-0.16001751999984543
0.6977788631416777,0.7333946549429262
1.3949479984805868,-0.4193208215909774
1.0164174933389454,0.2759410088276767
1.1182993852647265,-0.4907441129020395
1.7260698052063388,-0.1643341064586129
1.3327922263605478,-0.4082956245590676
2.0083181602658216,0.4085694126732463
1.0004795776335933,0.4067208279343594
-0.5954915406833896,0.7380225307045989
1.8101323056028944,-0.05555735299774711
-0.6855326899372775,0.6491396252960746
-0.031511344433786226,0.50449775154606
0.9365820534053773,0.41328628789172106
0.03425273490332457,0.1585932551698233
0.7997580657557322,0.6155345686714115
-0.9231125333801291,0.3178268596498123
1.006758527493309,-0.016893591982923298
0.05974882198467325,0.11419089750239644
0.18914366559774556,1.0050617700401294
0.3701885044543492,0.9845606106028211
1.5219052899037138,-0.33566705712113376
-0.903105188802893,0.04186381732981187
0.14395055670805906,1.050731362594895
-1.0150178978330562,0.04261398557166826
0.10692858622719786,0.31936009971717216
-1.056190542670463,0.1999812047551269
1.3166264680966846,-0.4583228757980987
1.8804133725984156,-0.052984056933019344
-0.8518650211379047,0.4077263635787744
2.0508269653636004,0.3831824262142879
1.85169418840261,0.05983716737833747
0.8085487703280666,0.6090508784583042
0.44451815238574305,0.9776912386746572
1.2688633716629958,-0.4424641295221886
-0.8767628005105854,0.2503679510512432
0.8543354758964307,-0.5227894036908685
1.0428381325982676,-0.5299823973365528
0.6896972504876837,-0.4352878111959764
0.33402908054014635,0.9771802006288447
1.1396980979566345,-0.48131507351684083
1.2577234460272788,-0.4874592178882611
0.2670183183994697,0.9828873988287966
0.03230459766178853,0.06967196029727775
1.445452177960058,-0.3634209090106741
0.9438094931949884,0.09249301728976188
-0.8315433996137623,0.662580839679196
-0.5706700451460788,0.8634790319103014
1.6731062215963857,-0.24607580665549253
0.6799323541464583,0.6430537062303389
0.4455624206699808,-0.36221223078307974
0.8418626093361777,-0.49134917359474733
-1.0149272681843486,0.2624720841680651
0.9530177172078605,-0.49664171546516656
0.4423018031441188,-0.3668994083398245
-0.012166996855142276,0.9223306944259221
1.2237324583880755,-0.4688698974706785
-0.9627608166552191,0.42109788616123167
-0.011635174389246813,0.2473079217009568
0.6288852503738284,0.8836531626269211
-0.024173646866868057,0.10740506391628721
-0.3039188711876957,1.0423451714316412
-0.3571343641809875,0.981857465406487
-0.012206703570515523,0.20262052596958352
1.852170475568612,0.0582538461106661
1.9890985671564454,0.28434359366416656
0.35846000400927613,-0.28484914228228664
-0.24942374534437653,1.0260167243212397
0.05341780578684402,0.30075290622960194
-0.10761409522730228,0.45543834923432214
-0.3322766529637906,0.9009007735192918
1.1082371548594696,-0.580589785857835
2.04648603889217,0.3000400905934555
0.8602778643886182,-0.42150398615830975
-0.4984319975666063,0.7781446467597944
2.029671146048109,0.24197802482735872
0.022857570534822527,0.9673244365273764
0.36440768288596975,1.044326741589321
0.5239561199636463,-0.37252824776316235
-1.0445329053802286,0.17384631837811604
-0.773288839792649,0.539718530325501
-0.9921747729361419,0.3052263420553121
-0.8826587418967077,0.5278872051249033
0.7954809993554535,0.7043370227265642
-0.17848836792606257,1.0757803325215305
0.013357655118274858,0.4701265509845013
1.5566871223164815,-0.31787992423036693
-0.11121794861361264,1.0151566663343645
0.3294108219965329,-0.2332176740599367
0.7493644034746653,-0.44563299976111753
-0.9167415481214479,0.0966139268573382
1.64958790732032,-0.3487178828304074
0.0014369562372157363,0.9829423371356013
0.5496433075393139,-0.4049659456535658
0.31870512008318813,-0.23019636942203195
0.7684141157711566,-0.5224821426334876
0.5791707578576045,0.7415283624333955
1.8210178478648429,-0.25314011496087496
0.3843681721440833,0.9962088324786814
1.8239899529206225,0.02411126606376502
0.6751966029419544,0.7358056591628849
0.09900119544459282,0.1719867171874423
-0.018961881935736363,0.9337489258864831
1.9379967861629588,0.1563902794382513
1.925699050464701,0.052699475092855774
2.0495507350627515,0.4307206957692067
0.6451628533866688,0.7598481696597597
1.1205622968946436,-0.4551914034918465
0.9086213040238289,0.10896620275855055
0.26215963306962176,-0.03164355035405651
0.3661818794817255,0.9525892269146164
0.960520994731128,0.2325688498551449
0.9565192741790235,-0.46834857465781843
0.8761999875292449,-0.43544576755585146
1.6808391809117147,-0.26193401406417394
0.649151017868409,0.788126990272453
-0.2599145535379836,1.0478176781990045
0.48730649799993264,-0.30349078217120806
-0.2861581174474063,1.0276625601571232
0.4835525749578284,0.8983029713354982
-0.5190256352720818,0.8270040162882955
1.1353900870971139,-0.47259478283787937
0.045325180306720544,-0.0702527817361458
1.4303419070507988,-0.32921700223307737
0.23484222115011952,-0.029403950678700316
0.06955309460559128,0.022673477002006257
-0.8946234876032166,0.4480174837929479
0.9335912473541328,0.021225058143571836
0.8626576350106464,0.2943054115202082
1.3270475392202905,-0.5430287023318603
-0.10443176442411967,0.9811538414782411
0.24682392207936474,-0.1299280429134171
1.862058835584025,-0.11741518819495872
0.905161330743166,-0.5251085579093027
0.43367246755858974,-0.23544284240449317
1.2092418796475677,-0.43778484874696844
-0.059410991659997886,0.5113255356178961
0.15671754772846766,-0.08804173540068261
-0.6632500876404448,0.6692608358203782
0.6434255281500282,0.8596909186575181
0.27355800491933535,-0.1554364922304743
-0.8358578939207172,0.35266957876873717
0.13459912417912023,0.005280742594662047
-0.5803146804228401,0.8486425650423917
1.010071611967417,0.08987029954648455
0.8637692069615999,-0.48393727217565663
-0.31447154099228625,0.9893300756329579
1.8825686541100366,-0.04818348108335913
-0.27209889678732474,0.907356307945659
0.1640601870441895,-0.17206613344267443
1.09564716035741,-0.43103307740098845
0.0068231155731421,0.3256542071483326
-0.28714368891324654,0.916404100911522
0.9537195088022004,-0.017559240630722082
0.5742816218749368,0.7326217599730162
0.857537032823656,-0.5494147827053969
0.2918526311516318,-0.19589383417976008
-0.772474427270438,0.6420752676402306
0.9673807857201606,0.27393880438971346
-0.6396110196050335,0.6550636883304202
0.807969987580289,0.4616073757092481
0.29546012698043833,-0.2412378862581601
1.852769823153558,0.054765461368752766
-0.9413456799831073,0.3422101510607703
0.9322218888025084,-0.5224898643246936
-0.9320599182256885,0.22246990820558982
1.7248747800447568,-0.21094478959895976
0.05807512005304314,0.34772425387664335
-0.6924934177245077,0.8084708556878512
0.8608899439743553,0.41998736119664176
0.3727541769725294,0.9186028456136833
1.9788835071538822,0.3770814203936829
0.1588621777161171,-0.08827218740656723
1.9587778204004866,0.12840602722377925
0.7734552031464608,0.5205272785326454
1.5657190809313397,-0.3963086975556287
-0.2746918675105789,1.0055294201554663
0.4026386929160706,-0.18797865163148286
0.7816859167126413,-0.5136447101689424
0.7285204618299788,-0.4297859938148484
0.7814188940086143,0.6012389094210164
1.3893190450196014,-0.5026546194350155
1.2336937563327917,-0.5629331508100521
-0.46411483453172675,0.9136215386680206
1.8339252000030153,-0.04150999493172448
1.888329364344947,0.03581872921329059
-1.0217642295482618,0.056662719014007656
-0.6457760800895382,0.7999868816234602
-0.8523242217561376,0.4033208594506622
1.4814525503025116,-0.42151151127170045
1.8207271356398622,-0.10718877443601221
0.012789834987618643,0.32635308388735523
0.6163630560368314,0.7540767161080532
0.732436034484614,0.7370607989335289
0.89302898721371,-0.41377373425555897
1.1060110897027315,-0.3847155270127577
0.5241307875577099,-0.40132647480954176
2.0239836551603196,0.3125790896504132
0.020957003711694844,0.1462000767861755
0.49963681415422057,-0.34125519399820214
0.3437459186518348,0.8592444254570322
-0.4647037551367738,0.8450730713465305
-1.0202429178771046,0.29410905757645356
0.7472157998524385,-0.43618412261178335
0.8668958712255085,0.5092179744965242
2.041560647970693,0.39551853224213607
-0.618261647955572,0.6754765442569316
0.27863932319916956,0.981638941209046
0.5241699668997376,-0.4601977175603824
1.9882746099493613,0.17700725455789287
2.0364990994394767,0.46694883371267976
1.8106062559805167,-0.03788683452272449
-0.02656711163506627,0.51704995573688
-0.4159246405742351,0.9454946054904858
-0.46607195106303273,0.9035565275048335
-0.9360480954700326,0.21798481874376485
1.2438066978394209,-0.5090251891693053
-0.5617221089153169,0.825742395682347
0.4884990652993345,0.9189490117199971
-0.15370035070802926,0.9853203896664934
-0.5043685957753636,0.8574181858279046
0.9259721588530205,0.3840791380735936
-0.9623997777735779,0.3624045428728886
2.0350344733932095,0.28478019398378907
1.0456888324331541,0.3750794242919514
2.0705422559025086,0.2900008000007204
0.05256730621895253,0.37497205576755793
1.8812319576786634,-0.19666993839214347
0.8666077864578474,0.47696404041152946
0.15882538090787146,-0.021940530787035298
-0.882418654987955,0.5741380821530905
1.5295817862046455,-0.3263714059250201
1.3939098467236173,-0.35236432710195253
-0.5987757252249221,0.7752800738862431
0.6162123534817958,-0.544611343614772
1.9897919199628644,0.429241510922976
1.0799576788981986,0.29047247277946964
-0.08479072404162581,1.019182409999039
0.9567191319792256,0.0717820845519991
0.9404569514818452,0.24745880364871276
-0.5059530932899173,0.8681777838695772
1.8910578489738392,0.1324396462038287
1.7882052733314713,-0.06468739911154925
0.3205429670018259,0.9209753641899018
1.1090394545927686,-0.45370374382301315
0.6131775806686031,0.8305852545467772
1.3441175767158806,-0.40557257264512425
0.9923690944921035,0.10972632406833198
0.3783807733895789,-0.27507159563020755
0.5635633128212061,0.8479507525424708
0.746589034039292,0.7017502522859919
-0.03319634303259102,0.3950187484086453
0.48672423702097145,-0.42710168081047756
1.3642207121940544,-0.43461377420454556
1.1906887435213214,-0.5149044781052663
-0.9078719421315896,0.2819738916784158
1.9724122934856056,0.12001714720016453
2.0088752530917864,0.46427050653294033
-0.35630622319637284,0.938391736352005
0.16028377874790267,0.987528907611468
